volatility,risk_free_rate,strike,expiry
0.3144091111999364,0.018727005942368126,65.59945203362027,0.17796480436461581
0.11722633849181077,0.04753571532049581,55.80836121681995,0.6738602128736744
0.19479738633830937,0.03659969709057025,136.6176145774935,1.6544954633991817
0.8964352812960533,0.02993292420985183,110.11150117432088,0.3296017415353367
0.5470033286758457,0.007800932022121826,120.80725777960456,0.7635901954604762
