volatility,risk_free_rate,strike,expiry
0.3689156651187469,0.018727005942368126,65.59945203362027,0.33813352544920394
0.36228563247697443,0.04753571532049581,55.80836121681995,0.7007996734997601
0.35986154255430725,0.03659969709057025,136.6176145774935,1.5654018706903001
0.35496945804804075,0.02993292420985183,110.11150117432088,1.8141200114588714
0.33232835059990495,0.007800932022121826,120.80725777960456,1.8242194153683224
